{"loss": [0.827863370573616, 0.6447664015263558, 0.6030713870586395, 0.5799115950474739, 0.5891616015570164, 0.5593383344085693, 0.5660939542682648, 0.5468980432810784, 0.5484318090299606, 0.5516746625276089], "categorical_accuracy": [0.7790712, 0.8295896, 0.8406352, 0.8471296, 0.846664, 0.8528368, 0.8518056, 0.8555824, 0.8549056, 0.8539976]}