{"val_categorical_accuracy": [0.8357933333333334, 0.8536466666666667, 0.86048, 0.8649466666666666], "loss": [0.7958476269337534, 0.6102911374961336, 0.5654153404729565, 0.5399021505772571], "categorical_accuracy": [0.7968625, 0.8449525, 0.8564766666666667, 0.86284875], "val_loss": [0.6394614519874254, 0.5769824916358789, 0.5536156487003963, 0.5413430681852499]}