{"loss": [0.7689207086339951, 0.5813361789088249, 0.5367709178529739, 0.5117440635686874, 0.49541394280304907, 0.4830035705737591, 0.4729867103211403, 0.46550508677487373], "categorical_accuracy": [0.7924504, 0.844112, 0.8558888, 0.8624416, 0.8669496, 0.8701768, 0.8727832, 0.8747944]}