{"loss": [0.9943936489224434, 0.7356856454396248, 0.6750129163446427, 0.6420788100252152, 0.6196415332157612, 0.6005378576192856, 0.5880648720927238, 0.5781171084783078, 0.5733063240654469, 0.5608881628923417, 0.5534265333669186, 0.5479062780343295, 0.54184169307971, 0.5360256229640246, 0.5324547164384127, 0.5460303896999359, 0.524532552078724, 0.5737175518131256, 0.5592524182715416, 0.5338495332926512], "categorical_accuracy": [0.732898, 0.804008, 0.820876, 0.829852, 0.835832, 0.84077, 0.84415, 0.846746, 0.848872, 0.851662, 0.853214, 0.854456, 0.856342, 0.857726, 0.858562, 0.856818, 0.86146, 0.8523, 0.853658, 0.858546]}