{"loss": [0.49441691281767686, 0.35626793221330644, 0.32249716615377866, 0.30250962530219555], "categorical_accuracy": [0.8675893333333333, 0.9050353333333333, 0.914128, 0.9196193333333333]}