{"loss": [0.9102920405613582, 0.6881881974573135, 0.6384171715650558, 0.6093066472628912, 0.5892215100164413, 0.5745549051319758, 0.5630372632664045, 0.552292795290788, 0.5447340744067033, 0.5497450642944972], "categorical_accuracy": [0.7558493333333334, 0.8174373333333333, 0.8311093333333334, 0.8386306666666666, 0.8442533333333333, 0.847804, 0.85112, 0.853512, 0.8552813333333333, 0.855448]}